,turn 0,turn 1,turn 2,turn 3,turn 4,turn 5,turn 6,turn 7,turn 8,turn 9,turn 10,turn 11
Iterations: 1,0.31666666666666665,0.242063492063492,0.2333333333333333,0.18030303030303033,0.09875541125541125,0.058279914529914524,0.07276876267748479,0.09696969696969697,0.11234567901234567,0.13846153846153847,0.037037037037037035,0.0625
Iterations: 2,0.7999999999999999,0.611111111111111,0.35555555555555557,0.3277777777777778,0.17350427350427353,0.13137973137973138,0.10597826086956522,0.08695652173913043,,,,
Iterations: 3,1.7,1.0833333333333333,0.9166666666666666,0.6166666666666667,0.3587662337662338,0.3242424242424242,0.18382352941176472,0.12015018773466835,0.08960720130932898,,,
