,turn 0,turn 1,turn 2,turn 3,turn 4,turn 5,turn 6,turn 7,turn 8,turn 9,turn 10,turn 11,turn 12,turn 13,turn 14,turn 15
Iterations: 1,2.4,3.4,4.4,7.8,9.2,12.9,19.9,13.666666666666666,18.714285714285715,8.75,8.666666666666666,9.666666666666666,13.0,6.0,14.0,7.0
