,turn 0,turn 1,turn 2,turn 3,turn 4,turn 5,turn 6,turn 7,turn 8,turn 9,turn 10,turn 11,turn 12,turn 13,turn 14,turn 15,turn 16,turn 17,turn 18,turn 19,turn 20,turn 21
Iterations: 1,0.75,0.2759999999999998,0.20690476190476179,0.11368148599766244,0.0878439243207491,0.07920665551040851,0.05521119405410503,0.061895496640847966,0.05386939857893363,0.06808967140752019,0.07862133470749198,0.10555376626805198,0.12818662818662818,0.13329533714149097,0.11166668358164522,0.1624543756896698,0.16508764111705287,0.3107638888888889,0.425,0.42000000000000004,0.5,0.5
