,turn 0,turn 1,turn 2,turn 3,turn 4,turn 5,turn 6,turn 7,turn 8,turn 9,turn 10,turn 11,turn 12,turn 13,turn 14,turn 15,turn 16,turn 17,turn 18,turn 19,turn 20,turn 21
Iterations: 1,0.5,2.81,4.01,9.33,11.83,16.79,21.623655913978496,21.973684210526315,22.78846153846154,19.105263157894736,16.375,12.19047619047619,9.61111111111111,11.076923076923077,11.666666666666666,8.909090909090908,9.1,3.375,2.2,2.6,1.0,1.0
