,turn 0,turn 1,turn 2,turn 3,turn 4,turn 5,turn 6,turn 7,turn 8,turn 9,turn 10,turn 11
Iterations: 1,1.5,3.7,5.4,9.7,9.7,12.6,15.666666666666666,15.571428571428571,15.857142857142858,17.6,25.0,25.0
