,game 0,game 1,game 2,game 3,game 4,game 5,game 6,game 7,game 8,game 9
Iterations: 1,1.1581840515136719,0.8767604827880859,0.7918879985809326,0.6681573390960693,0.9754276275634766,0.422210693359375,1.16455078125,0.36205625534057617,0.7259628772735596,0.3442952632904053
