,turn 0,turn 1,turn 2,turn 3,turn 4,turn 5,turn 6,turn 7,turn 8,turn 9,turn 10,turn 11
Iterations: 1,0.0,0.0,3.4848484848484844,21.377217553688137,21.703629703629705,29.50153158037408,33.516762586902445,34.041666666666664,39.5940732246804,45.00284171639671,61.30811662726557,65.27777777777779
