,turn 0,turn 1,turn 2,turn 3,turn 4,turn 5,turn 6,turn 7,turn 8,turn 9,turn 10
Iterations: 200,200.0,50.0,50.0,33.333333333333336,33.333333333333336,50.0,28.571428571428573,28.571428571428573,33.333333333333336,33.333333333333336,39.2
