,turn 0,turn 1,turn 2,turn 3,turn 4,turn 5,turn 6,turn 7,turn 8,turn 9,turn 10,turn 11,turn 12,turn 13
game: 0,16.666666666666668,10.0,7.142857142857143,10.0,8.333333333333334,10.0,12.5,16.666666666666668,16.666666666666668,16.666666666666668,12.5,16.666666666666668,14.333333333333334,12.666666666666666
